id,Publication,h5-index,h5-median
med,The New England Journal of Medicine,358,602
med,The Lancet,278,417
med,Cell,244,366
med,Proceedings of the National Academy of Sciences,226,291
med,JAMA,209,309
med,Journal of Clinical Oncology,196,279
med,Nature Genetics,187,277
med,Journal of the American College of Cardiology,180,268
med,PLoS ONE,180,229
med,The Lancet Oncology,179,283
med,Nature Medicine,168,266
med,Circulation,166,251
med,BMJ,154,214
med,Blood,153,205
med,European Heart Journal,149,219
med,Neuron,149,211
med,The Cochrane Database of Systematic Reviews,148,210
med,Gastroenterology,147,210
med,Nature Neuroscience,146,210
med,Immunity,141,218
med_addiction,Addiction,67,93
med_addiction,Drug & Alcohol Dependence,63,79
med_addiction,Nicotine & Tobacco Research,55,86
med_addiction,Addictive Behaviors,52,67
med_addiction,Alcoholism-Clinical and Experimental Research,51,65
med_addiction,Psychology of Addictive Behaviors,43,61
med_addiction,International Journal of Drug Policy,42,58
med_addiction,Addiction Biology,42,56
med_addiction,Journal of Substance Abuse Treatment,39,49
med_addiction,Alcohol and Alcoholism,35,59
med_addiction,Journal of Studies on Alcohol and Drugs,34,48
med_addiction,Drug and Alcohol Review,34,47
med_addiction,Journal of Behavioral Addictions,32,62
med_addiction,The American Journal on Addictions,31,36
med_addiction,Alcohol Research: Current Reviews,28,44
med_addiction,Substance Use & Misuse,28,35
med_addiction,Alcohol,27,38
med_addiction,Journal of Addiction Medicine,27,37
med_addiction,Substance Abuse,26,37
med_addiction,Experimental and Clinical Psychopharmacology,25,36
med_aidshiv,AIDS,67,90
med_aidshiv,Journal of Acquired Immune Deficiency Syndromes,59,78
med_aidshiv,AIDS and behavior,55,73
med_aidshiv,Journal of the International AIDS Society,45,65
med_aidshiv,Retrovirology,44,66
med_aidshiv,Current opinion in HIV and AIDS,40,53
med_aidshiv,AIDS Care,38,46
med_aidshiv,The Lancet HIV,36,60
med_aidshiv,Current HIV/AIDS Reports,35,46
med_aidshiv,HIV Medicine,35,46
med_aidshiv,AIDS Patient Care and STDs,33,46
med_aidshiv,AIDS Research and Human Retroviruses,32,42
med_aidshiv,Antiviral Therapy,31,44
med_aidshiv,International Journal of STD & AIDS,27,42
med_aidshiv,Journal of the Association of Nurses In AIDS Care,25,31
med_aidshiv,AIDS education and prevention,22,28
med_aidshiv,AIDS Research and Therapy,21,32
med_aidshiv,Current HIV Research,19,28
med_aidshiv,Journal of the International Association of Providers of AIDS Care (JIAPAC),19,26
med_aidshiv,AIDS Reviews,19,24
med_alternativetraditionalmedicine,Evidence-Based Complementary and Alternative Medicine,55,81
med_alternativetraditionalmedicine,BMC Complementary and Alternative Medicine,50,61
med_alternativetraditionalmedicine,Journal of Ethnobiology and Ethnomedicine,36,49
med_alternativetraditionalmedicine,Complementary Therapies in Medicine,35,48
med_alternativetraditionalmedicine,American Journal of Occupational Therapy,33,44
med_alternativetraditionalmedicine,The Journal of Alternative and Complementary Medicine,33,44
med_alternativetraditionalmedicine,Complementary Therapies in Clinical Practice,27,33
med_alternativetraditionalmedicine,Journal of Traditional and Complementary Medicine,27,33
med_alternativetraditionalmedicine,The American Journal of Chinese Medicine,27,31
med_alternativetraditionalmedicine,Chinese Journal of Natural Medicines,25,40
med_alternativetraditionalmedicine,Australian Occupational Therapy Journal,25,32
med_alternativetraditionalmedicine,Journal of Integrative Medicine,24,36
med_alternativetraditionalmedicine,Journal of the Australian-Traditional Medicine Society,22,45
med_alternativetraditionalmedicine,Chinese Journal of Integrative Medicine,22,27
med_alternativetraditionalmedicine,Alternative Therapies in Health & Medicine,21,34
med_alternativetraditionalmedicine,Journal of Evidence-Based Complementary & Alternative Medicine,21,34
med_alternativetraditionalmedicine,Acupuncture in Medicine,21,28
med_alternativetraditionalmedicine,Scandinavian Journal of Occupational Therapy,21,28
med_alternativetraditionalmedicine,Journal of Traditional Chinese Medicine,21,24
med_alternativetraditionalmedicine,Homeopathy,20,27
med_anesthesiology,Survey of Anesthesiology,96,178
med_anesthesiology,British Journal of Anaesthesia,79,108
med_anesthesiology,Obstetric Anesthesia Digest,77,114
med_anesthesiology,Anesthesiology,71,110
med_anesthesiology,Anesthesia & Analgesia,64,84
med_anesthesiology,Anaesthesia,48,68
med_anesthesiology,Pediatric Anesthesia,38,51
med_anesthesiology,Acta Anaesthesiologica Scandinavica,38,50
med_anesthesiology,Regional Anesthesia and Pain Medicine,37,60
med_anesthesiology,Canadian Journal of Anesthesia,37,50
med_anesthesiology,Current Opinion in Anesthesiology,34,46
med_anesthesiology,Journal of Cardiothoracic and Vascular Anesthesia,34,46
med_anesthesiology,European Journal of Anaesthesiology (EJA),33,48
med_anesthesiology,Journal of Anesthesia,29,36
med_anesthesiology,Best Practice & Research Clinical Anaesthesiology,28,45
med_anesthesiology,BMC Anesthesiology,28,37
med_anesthesiology,"Journal of Anaesthesiology, Clinical Pharmacology",28,36
med_anesthesiology,Minerva Anestesiologica,27,35
med_anesthesiology,Journal of Neurosurgical Anesthesiology,26,37
med_anesthesiology,International Journal of Obstetric Anesthesia,25,35
med_audiologyspeechlanguagepathology,"Journal of Speech, Language, and Hearing Research",39,49
med_audiologyspeechlanguagepathology,Ear and Hearing,38,52
med_audiologyspeechlanguagepathology,International Journal of Audiology,31,43
med_audiologyspeechlanguagepathology,Journal of Voice,30,39
med_audiologyspeechlanguagepathology,International Journal of Language & Communication Disorders,28,39
med_audiologyspeechlanguagepathology,American Journal of Speech-Language Pathology,25,37
med_audiologyspeechlanguagepathology,Aphasiology,25,33
med_audiologyspeechlanguagepathology,Journal of Fluency Disorders,24,32
med_audiologyspeechlanguagepathology,International Journal of Speech-Language Pathology,23,34
med_audiologyspeechlanguagepathology,Journal of the American Academy of Audiology,23,32
med_audiologyspeechlanguagepathology,"Language, Speech, and Hearing Services in Schools",21,35
med_audiologyspeechlanguagepathology,Journal of Communication Disorders,21,30
med_audiologyspeechlanguagepathology,American Journal of Audiology,19,28
med_audiologyspeechlanguagepathology,Journal of Neurolinguistics,18,29
med_audiologyspeechlanguagepathology,Cochlear Implants International,17,24
med_audiologyspeechlanguagepathology,Seminars in Speech and Language,17,23
med_audiologyspeechlanguagepathology,Clinical Linguistics & Phonetics,17,22
med_audiologyspeechlanguagepathology,Topics in Language Disorders,16,25
med_audiologyspeechlanguagepathology,Trends in Hearing,16,24
med_audiologyspeechlanguagepathology,CoDAS,14,20
med_bioethics,Nursing Ethics,37,51
med_bioethics,Journal of Medical Ethics,33,40
med_bioethics,"The Journal of Law, Medicine & Ethics",32,40
med_bioethics,The American Journal of Bioethics,30,41
med_bioethics,BMC Medical Ethics,28,38
med_bioethics,Bioethics,26,37
med_bioethics,"Medicine, Health Care and Philosophy",24,28
med_bioethics,Hastings Center Report,22,30
med_bioethics,Journal of Bioethical Inquiry,19,22
med_bioethics,Journal of Medicine and Philosophy,18,25
med_bioethics,Journal of Empirical Research on Human Research Ethics,18,21
med_bioethics,Developing World Bioethics,16,21
med_bioethics,Cambridge Quarterly of Healthcare Ethics,15,20
med_bioethics,Public Health Ethics,14,17
med_bioethics,Theoretical Medicine and Bioethics,13,21
med_bioethics,NanoEthics,13,18
med_bioethics,Indian Journal of Medical Ethics,13,17
med_bioethics,Kennedy Institute of Ethics Journal,13,17
med_bioethics,Journal of Medical Ethics and History of Medicine,12,19
med_bioethics,The Journal of Clinical Ethics,12,19
med_biomedicaltechnology,Biomaterials,122,149
med_biomedicaltechnology,Acta Biomaterialia,85,121
med_biomedicaltechnology,IEEE Transactions on Biomedical Engineering,69,97
med_biomedicaltechnology,Journal of Biomedical Materials Research Part A,54,66
med_biomedicaltechnology,Journal of the Mechanical Behavior of Biomedical Materials,52,66
med_biomedicaltechnology,Journal of Neural Engineering,52,63
med_biomedicaltechnology,Annals of Biomedical Engineering,51,61
med_biomedicaltechnology,Tissue Engineering Part A,49,57
med_biomedicaltechnology,Biofabrication,45,68
med_biomedicaltechnology,Tissue Engineering Part B: Reviews,45,66
med_biomedicaltechnology,Journal of Tissue Engineering and Regenerative Medicine,44,56
med_biomedicaltechnology,IEEE Transactions on Biomedical Circuits and Systems,38,54
med_biomedicaltechnology,Medical Engineering & Physics,37,48
med_biomedicaltechnology,Tissue Engineering Part C: Methods,37,45
med_biomedicaltechnology,European Cells & Materials,36,51
med_biomedicaltechnology,Physiological Measurement,35,49
med_biomedicaltechnology,Biomechanics and Modeling in Mechanobiology,35,42
med_biomedicaltechnology,Journal of Biomechanical Engineering,33,46
med_biomedicaltechnology,Biomedical Materials,31,47
med_biomedicaltechnology,Medical & Biological Engineering & Computing,31,39
med_cardiology,Journal of the American College of Cardiology,180,268
med_cardiology,Circulation,166,251
med_cardiology,European Heart Journal,149,219
med_cardiology,Circulation Research,116,177
med_cardiology,International Journal of Cardiology,81,102
med_cardiology,JACC: Cardiovascular Interventions,76,106
med_cardiology,Heart,72,94
med_cardiology,Heart rhythm,69,87
med_cardiology,The Journal of Thoracic and Cardiovascular Surgery,68,88
med_cardiology,Nature Reviews. Cardiology,66,96
med_cardiology,European Journal of Heart Failure,66,86
med_cardiology,JACC: Cardiovascular Imaging,65,92
med_cardiology,Journal of the American Heart Association,64,91
med_cardiology,The American Journal of Cardiology,64,84
med_cardiology,Circulation: Heart Failure,62,87
med_cardiology,Cardiovascular Research,62,81
med_cardiology,American Heart Journal,61,90
med_cardiology,Journal of Molecular and Cellular Cardiology,61,76
med_cardiology,EP Europace,59,82
med_cardiology,The Annals of Thoracic Surgery,58,76
med_childadolescentpsychology,Journal of Autism and Developmental Disorders,75,105
med_childadolescentpsychology,Journal of Child Psychology and Psychiatry,74,122
med_childadolescentpsychology,Developmental Psychology,70,96
med_childadolescentpsychology,Child Development,69,106
med_childadolescentpsychology,Journal of Youth and Adolescence,58,78
med_childadolescentpsychology,Journal of Abnormal Child Psychology,50,72
med_childadolescentpsychology,Development and Psychopathology,50,67
med_childadolescentpsychology,Autism,48,75
med_childadolescentpsychology,Developmental Science,48,69
med_childadolescentpsychology,Journal of Clinical Child & Adolescent Psychology,47,69
med_childadolescentpsychology,Journal of Experimental Child Psychology,47,65
med_childadolescentpsychology,European Child & Adolescent Psychiatry,44,66
med_childadolescentpsychology,Developmental Cognitive Neuroscience,44,61
med_childadolescentpsychology,Child Development Perspectives,41,74
med_childadolescentpsychology,Research in Autism Spectrum Disorders,41,54
med_childadolescentpsychology,Journal of Attention Disorders,39,52
med_childadolescentpsychology,Journal of Pediatric Psychology,37,53
med_childadolescentpsychology,Journal of Family Psychology,37,47
med_childadolescentpsychology,Journal of Research on Adolescence,35,54
med_childadolescentpsychology,Clinical Child and Family Psychology Review,35,51
med_clinicallaboratoryscience,Clinical Chemistry,69,90
med_clinicallaboratoryscience,Clinica chimica acta,51,67
med_clinicallaboratoryscience,Clinical Biochemistry,48,66
med_clinicallaboratoryscience,Clinical Chemistry and Laboratory Medicine,48,62
med_clinicallaboratoryscience,Biochemia Medica,33,62
med_clinicallaboratoryscience,International Journal of Laboratory Hematology,29,41
med_clinicallaboratoryscience,Clinics in Laboratory Medicine,27,34
med_clinicallaboratoryscience,Annals of Clinical Biochemistry,26,44
med_clinicallaboratoryscience,Critical Reviews in Clinical Laboratory Sciences,25,47
med_clinicallaboratoryscience,Annals of Laboratory Medicine,25,36
med_clinicallaboratoryscience,Advances in Clinical Chemistry,24,36
med_clinicallaboratoryscience,Scandinavian Journal of Clinical and Laboratory Investigation,23,30
med_clinicallaboratoryscience,Journal of Clinical Laboratory Analysis,22,29
med_clinicallaboratoryscience,Clinical Laboratory,21,28
med_clinicallaboratoryscience,Indian Journal of Clinical Biochemistry,20,28
med_clinicallaboratoryscience,Journal of Analytical Methods in Chemistry,17,27
med_clinicallaboratoryscience,Annals of Clinical & Laboratory Science,15,23
med_clinicallaboratoryscience,Laboratory Medicine,14,21
med_clinicallaboratoryscience,Journal of Medical Biochemistry,11,16
med_clinicallaboratoryscience,Journal of Immunoassay and Immunochemistry,10,14
med_communicablediseases,Clinical Infectious Diseases,115,160
med_communicablediseases,The Lancet Infectious Diseases,112,182
med_communicablediseases,Emerging Infectious Diseases,86,119
med_communicablediseases,The Journal of Infectious Diseases,84,108
med_communicablediseases,Antimicrobial Agents and Chemotherapy,80,102
med_communicablediseases,PLOS Neglected Tropical Diseases,78,110
med_communicablediseases,Journal of Clinical Microbiology,75,100
med_communicablediseases,Vaccine,75,96
med_communicablediseases,Clinical Microbiology Reviews,73,155
med_communicablediseases,Euro surveillance: European communicable disease bulletin,73,124
med_communicablediseases,Clinical Microbiology and Infection,71,110
med_communicablediseases,Journal of Antimicrobial Chemotherapy,69,91
med_communicablediseases,AIDS,67,90
med_communicablediseases,BMC Infectious Diseases,60,84
med_communicablediseases,Journal of Acquired Immune Deficiency Syndromes,59,78
med_communicablediseases,Frontiers in Cellular and Infection Microbiology,56,76
med_communicablediseases,American Journal of Tropical Medicine and Hygiene,54,70
med_communicablediseases,Infection and Immunity,53,63
med_communicablediseases,Infection control and hospital epidemiology,52,77
med_communicablediseases,Malaria Journal,52,70
med_criticalcare,Critical Care Medicine,89,118
med_criticalcare,Critical Care,83,113
med_criticalcare,Intensive Care Medicine,80,110
med_criticalcare,Journal of Critical Care,45,53
med_criticalcare,Pediatric Critical Care Medicine,41,53
med_criticalcare,Current Opinion in Critical Care,37,48
med_criticalcare,Annals of Intensive Care,35,56
med_criticalcare,American Journal of Critical Care,32,48
med_criticalcare,Journal of Intensive Care Medicine,29,38
med_criticalcare,Intensive & critical care nursing,28,35
med_criticalcare,Critical Care Clinics,26,35
med_criticalcare,Journal of Intensive Care,24,46
med_criticalcare,Critical Care Nurse,23,38
med_criticalcare,Indian Journal of Critical Care Medicine,23,33
med_criticalcare,Anaesthesiology Intensive Therapy,23,30
med_criticalcare,Anaesthesia and Intensive Care,22,30
med_criticalcare,Critical Care Research and Practice,21,30
med_criticalcare,International Journal of Critical Illness and Injury Science,20,30
med_criticalcare,Nursing in Critical Care,20,28
med_criticalcare,Australian critical care,20,27
med_dentistry,Journal of Endodontics,68,83
med_dentistry,Journal of Dental Research,64,93
med_dentistry,Dental Materials,62,91
med_dentistry,Journal of Clinical Periodontology,59,87
med_dentistry,Journal of Dentistry,57,77
med_dentistry,Clinical Oral Implants Research,54,66
med_dentistry,Journal of Periodontology,49,90
med_dentistry,Periodontology 2000,47,64
med_dentistry,International Endodontic Journal,47,63
med_dentistry,Clinical Oral Investigations,45,62
med_dentistry,The Journal of Prosthetic Dentistry,45,60
med_dentistry,American Journal of Orthodontics and Dentofacial Orthopedics,43,59
med_dentistry,Clinical Implant Dentistry and Related Research,43,56
med_dentistry,International Journal of Oral & Maxillofacial Implants,42,61
med_dentistry,Operative Dentistry,35,48
med_dentistry,Journal of Periodontal Research,35,46
med_dentistry,Journal of Oral Rehabilitation,34,47
med_dentistry,The Angle Orthodontist,34,43
med_dentistry,Journal of the American Dental Association,33,59
med_dentistry,Community Dentistry and Oral Epidemiology,33,51
med_dermatology,Journal of Investigative Dermatology,77,102
med_dermatology,Journal of the American Academy of Dermatology,74,104
med_dermatology,British Journal of Dermatology,68,91
med_dermatology,Journal of the European Academy of Dermatology and Venereology,58,85
med_dermatology,JAMA Dermatology,53,79
med_dermatology,Experimental Dermatology,44,59
med_dermatology,Clinics in Dermatology,37,49
med_dermatology,Dermatologic Surgery,37,48
med_dermatology,Contact Dermatitis,37,46
med_dermatology,Acta Dermato-Venereologica,36,46
med_dermatology,Journal of Dermatological Science,36,46
med_dermatology,American Journal of Clinical Dermatology,35,47
med_dermatology,Journal of the German Society of Dermatology: JDDG,34,46
med_dermatology,International Journal of Dermatology,33,44
med_dermatology,Pediatric Dermatology,32,45
med_dermatology,Anais Brasileiros de Dermatologia,32,40
med_dermatology,Archives of Dermatological Research,32,40
med_dermatology,The Journal of Dermatology,31,40
med_dermatology,Journal of Dermatological Treatment,29,37
med_dermatology,Journal of Drugs in Dermatology,29,37
med_developmentaldisabilities,Journal of Autism and Developmental Disorders,75,105
med_developmentaldisabilities,Research in Developmental Disabilities,53,63
med_developmentaldisabilities,Autism,48,75
med_developmentaldisabilities,Molecular Autism,43,62
med_developmentaldisabilities,Research in Autism Spectrum Disorders,41,54
med_developmentaldisabilities,Journal of Learning Disabilities,38,51
med_developmentaldisabilities,Journal of Intellectual Disability Research,36,42
med_developmentaldisabilities,Autism Research,35,51
med_developmentaldisabilities,Journal of Neurodevelopmental Disorders,27,44
med_developmentaldisabilities,Journal of Applied Research in Intellectual Disabilities,27,39
med_developmentaldisabilities,Journal of Positive Behavior Interventions,26,41
med_developmentaldisabilities,Intellectual and Developmental Disabilities,26,40
med_developmentaldisabilities,Learning Disability Quarterly,24,35
med_developmentaldisabilities,Focus on Autism and Other Developmental Disabilities,24,30
med_developmentaldisabilities,Research and Practice for Persons with Severe Disabilities,23,37
med_developmentaldisabilities,Augmentative and Alternative Communication,23,31
med_developmentaldisabilities,American Journal on Intellectual and Developmental Disabilities,23,30
med_developmentaldisabilities,Journal of Developmental and Physical Disabilities,22,25
med_developmentaldisabilities,Education and Training in Autism and Developmental Disabilities,21,26
med_developmentaldisabilities,Journal of Intellectual and Developmental Disability,19,31
med_diabetes,Diabetes Care,129,185
med_diabetes,Diabetes,97,123
med_diabetes,The Lancet Diabetes & Endocrinology,84,129
med_diabetes,Diabetologia,82,111
med_diabetes,"Diabetes, Obesity and Metabolism",72,98
med_diabetes,Diabetic Medicine,53,79
med_diabetes,Diabetes Research and Clinical Practice,53,70
med_diabetes,World Journal of Diabetes,47,71
med_diabetes,Cardiovascular Diabetology,47,70
med_diabetes,Current Diabetes Reports,43,60
med_diabetes,Pediatric Diabetes,42,60
med_diabetes,Diabetes-Metabolism Research and Reviews,42,57
med_diabetes,Diabetes Technology & Therapeutics,41,56
med_diabetes,Journal of Diabetes Research,41,52
med_diabetes,Journal of Diabetes and Its Complications,41,52
med_diabetes,Acta Diabetologica,38,49
med_diabetes,Journal of Diabetes Investigation,37,61
med_diabetes,Journal of Diabetes Science and Technology,37,48
med_diabetes,"Diabetes, Metabolic Syndrome and Obesity: Targets and Therapy",36,67
med_diabetes,Diabetes & Metabolism,35,46
med_emergencymedicine,Resuscitation,70,106
med_emergencymedicine,Journal of Trauma and Acute Care Surgery,59,75
med_emergencymedicine,Annals of Emergency Medicine,52,69
med_emergencymedicine,Academic Emergency Medicine,42,57
med_emergencymedicine,The American Journal of Emergency Medicine,40,53
med_emergencymedicine,Clinical Toxicology,38,52
med_emergencymedicine,Current Opinion in Critical Care,37,48
med_emergencymedicine,Emergency Medicine Journal,37,48
med_emergencymedicine,The Journal of Emergency Medicine,34,52
med_emergencymedicine,"Scandinavian Journal of Trauma, Resuscitation and Emergency Medicine",34,46
med_emergencymedicine,Internal and Emergency Medicine,32,47
med_emergencymedicine,World Journal of Emergency Surgery,32,47
med_emergencymedicine,Journal of Medical Toxicology,29,39
med_emergencymedicine,Western Journal of Emergency Medicine,28,37
med_emergencymedicine,Prehospital Emergency Care,27,38
med_emergencymedicine,Pediatric Emergency Care,26,36
med_emergencymedicine,Critical Care Clinics,26,35
med_emergencymedicine,European Journal of Emergency Medicine,25,34
med_emergencymedicine,Journal of Intensive Care,24,46
med_emergencymedicine,Journal of Emergency Nursing,24,30
med_endocrinology,The Journal of Clinical Endocrinology & Metabolism,108,144
med_endocrinology,Nature Reviews. Endocrinology,81,123
med_endocrinology,Journal of Bone and Mineral Research,72,95
med_endocrinology,Psychoneuroendocrinology,71,94
med_endocrinology,Trends in Endocrinology & Metabolism,62,96
med_endocrinology,Osteoporosis International,62,92
med_endocrinology,Thyroid,62,84
med_endocrinology,Endocrinology,60,77
med_endocrinology,Molecular and Cellular Endocrinology,59,74
med_endocrinology,European Journal of Endocrinology,59,73
med_endocrinology,Journal of Pineal Research,58,82
med_endocrinology,Endocrine Reviews,54,103
med_endocrinology,Journal of Endocrinology,54,87
med_endocrinology,The Journal of Steroid Biochemistry and Molecular Biology,53,74
med_endocrinology,Frontiers in Endocrinology,53,69
med_endocrinology,Clinical Endocrinology,52,62
med_endocrinology,Hormones and Behavior,49,71
med_endocrinology,Endocrine-Related Cancer,49,67
med_endocrinology,International Journal of Endocrinology,49,67
med_endocrinology,Maturitas,48,69
med_epidemiology,MMWR. Morbidity and Mortality Weekly Report,110,177
med_epidemiology,Emerging Infectious Diseases,86,119
med_epidemiology,Euro surveillance: European communicable disease bulletin,73,124
med_epidemiology,International Journal of Epidemiology,73,118
med_epidemiology,American Journal of Epidemiology,69,87
med_epidemiology,Journal of Clinical Epidemiology,59,100
med_epidemiology,Epidemiology,56,81
med_epidemiology,Infection control and hospital epidemiology,52,77
med_epidemiology,European Journal of Epidemiology,49,69
med_epidemiology,American Journal of Infection Control,49,65
med_epidemiology,Journal of Epidemiology and Community Health,48,61
med_epidemiology,International Journal of Hygiene and Environmental Health,47,63
med_epidemiology,Environmental Health,46,61
med_epidemiology,Journal of Hospital Infection,43,57
med_epidemiology,Epidemiology & Infection,42,57
med_epidemiology,Clinical Epidemiology,40,90
med_epidemiology,Cancer Causes & Control,40,52
med_epidemiology,Annals of Epidemiology,37,51
med_epidemiology,Influenza and Other Respiratory Viruses,34,47
med_epidemiology,Journal of Exposure Science & Environmental Epidemiology,33,46
med_gastroenterologyhepatology,Gastroenterology,147,210
med_gastroenterologyhepatology,Hepatology,128,166
med_gastroenterologyhepatology,Gut,124,168
med_gastroenterologyhepatology,Journal of Hepatology,116,155
med_gastroenterologyhepatology,World Journal of Gastroenterology,92,117
med_gastroenterologyhepatology,American Journal of Gastroenterology,91,135
med_gastroenterologyhepatology,Clinical gastroenterology and hepatology,86,113
med_gastroenterologyhepatology,Alimentary Pharmacology & Therapeutics,79,102
med_gastroenterologyhepatology,Nature Reviews. Gastroenterology & Hepatology,73,119
med_gastroenterologyhepatology,Gastrointestinal Endoscopy,71,95
med_gastroenterologyhepatology,Inflammatory Bowel Diseases,63,86
med_gastroenterologyhepatology,Journal of Crohn's and Colitis,61,85
med_gastroenterologyhepatology,Endoscopy,60,86
med_gastroenterologyhepatology,Journal of Gastroenterology and Hepatology,56,79
med_gastroenterologyhepatology,Liver International,56,67
med_gastroenterologyhepatology,Journal of Gastroenterology,53,69
med_gastroenterologyhepatology,Journal of Pediatric Gastroenterology and Nutrition,52,70
med_gastroenterologyhepatology,Journal of Gastrointestinal Surgery,52,67
med_gastroenterologyhepatology,Digestive Diseases and Sciences,51,64
med_gastroenterologyhepatology,Diseases of the Colon & Rectum,50,67
med_geneticsgenomics,Nature Genetics,187,277
med_geneticsgenomics,Nature Reviews Genetics,132,256
med_geneticsgenomics,Genome Biology,106,145
med_geneticsgenomics,PLOS Genetics,106,142
med_geneticsgenomics,Oncogene,105,134
med_geneticsgenomics,Genome Research,103,149
med_geneticsgenomics,The American Journal of Human Genetics,89,122
med_geneticsgenomics,Human Molecular Genetics,82,103
med_geneticsgenomics,BMC Genomics,80,99
med_geneticsgenomics,Genetics,74,108
med_geneticsgenomics,Trends in Genetics,65,100
med_geneticsgenomics,Genetics in Medicine: Official Journal of the American College of Medical Genetics,63,107
med_geneticsgenomics,Genome Medicine,60,87
med_geneticsgenomics,Human Mutation,60,83
med_geneticsgenomics,Frontiers in Genetics,59,89
med_geneticsgenomics,Journal of Medical Genetics,55,72
med_geneticsgenomics,Epigenetics,52,75
med_geneticsgenomics,Theoretical and Applied Genetics,52,65
med_geneticsgenomics,European Journal of Human Genetics: EJHG,51,80
med_geneticsgenomics,"G3: Genes, Genomes, Genetics",50,68
med_gerontologygeriatricmedicine,Movement Disorders,80,108
med_gerontologygeriatricmedicine,Alzheimer's & Dementia,76,117
med_gerontologygeriatricmedicine,Journals of Gerontology Series A: Biomedical Sciences and Medical Sciences,70,107
med_gerontologygeriatricmedicine,Neurobiology of Aging,69,86
med_gerontologygeriatricmedicine,Journal of Alzheimer's Disease,68,93
med_gerontologygeriatricmedicine,Ageing Research Reviews,63,103
med_gerontologygeriatricmedicine,Journal of the American Geriatrics Society,63,90
med_gerontologygeriatricmedicine,Frontiers in Aging Neuroscience,59,76
med_gerontologygeriatricmedicine,Aging Cell,57,88
med_gerontologygeriatricmedicine,Gerontologist,56,76
med_gerontologygeriatricmedicine,Age and Ageing,55,84
med_gerontologygeriatricmedicine,Parkinsonism & Related Disorders,53,69
med_gerontologygeriatricmedicine,Clinical Interventions in Aging,52,71
med_gerontologygeriatricmedicine,Experimental Gerontology,50,62
med_gerontologygeriatricmedicine,The American Journal of Geriatric Psychiatry,49,59
med_gerontologygeriatricmedicine,Molecular Neurodegeneration,48,60
med_gerontologygeriatricmedicine,Alzheimer's Research & Therapy,47,72
med_gerontologygeriatricmedicine,Age,47,66
med_gerontologygeriatricmedicine,International Journal of Geriatric Psychiatry,45,63
med_gerontologygeriatricmedicine,Aging,44,61
med_gynecologyobstetrics,Obstetrical & Gynecological Survey,116,224
med_gynecologyobstetrics,Obstetric Anesthesia Digest,77,114
med_gynecologyobstetrics,American Journal of Obstetrics & Gynecology,76,105
med_gynecologyobstetrics,Obstetrics & Gynecology,76,102
med_gynecologyobstetrics,Human Reproduction Update,74,106
med_gynecologyobstetrics,Gynecologic Oncology,66,90
med_gynecologyobstetrics,Bjog-An International Journal of Obstetrics and Gynaecology,64,91
med_gynecologyobstetrics,Ultrasound in Obstetrics & Gynecology,58,93
med_gynecologyobstetrics,Prenatal Diagnosis,47,73
med_gynecologyobstetrics,European Journal of Obstetrics & Gynecology and Reproductive Biology,43,50
med_gynecologyobstetrics,International Journal of Gynecological Cancer,42,58
med_gynecologyobstetrics,Archives of Gynecology and Obstetrics,42,54
med_gynecologyobstetrics,Contraception,41,62
med_gynecologyobstetrics,Placenta,41,60
med_gynecologyobstetrics,Journal of Minimally Invasive Gynecology,40,55
med_gynecologyobstetrics,International Urogynecology Journal,40,50
med_gynecologyobstetrics,Acta Obstetricia et Gynecologica Scandinavica,39,54
med_gynecologyobstetrics,International journal of gynaecology and obstetrics,39,51
med_gynecologyobstetrics,Best Practice & Research Clinical Obstetrics & Gynaecology,38,50
med_gynecologyobstetrics,The Journal of Maternal-Fetal & Neonatal Medicine,38,50
med_medgeneral,The New England Journal of Medicine,358,602
med_medgeneral,The Lancet,278,417
med_medgeneral,Proceedings of the National Academy of Sciences,226,291
med_medgeneral,JAMA,209,309
med_medgeneral,PLoS ONE,180,229
med_medgeneral,Nature Medicine,168,266
med_medgeneral,BMJ,154,214
med_medgeneral,The Cochrane Database of Systematic Reviews,148,210
med_medgeneral,The Journal of Clinical Investigation,139,185
med_medgeneral,Science Translational Medicine,133,178
med_medgeneral,Annals of Internal Medicine,127,216
med_medgeneral,Cell Metabolism,127,176
med_medgeneral,JAMA Internal Medicine,114,164
med_medgeneral,International Journal of Molecular Sciences,104,138
med_medgeneral,PLOS Medicine,97,149
med_medgeneral,Cell Host & Microbe,96,139
med_medgeneral,BioMed Research International,91,117
med_medgeneral,BMC Medicine,89,136
med_medgeneral,Biochimica et Biophysica Acta (BBA)-Molecular Basis of Disease,78,101
med_medgeneral,British Medical Journal Open,77,99
med_heartthoracicsurgery,The Journal of Thoracic and Cardiovascular Surgery,68,88
med_heartthoracicsurgery,The Annals of Thoracic Surgery,58,76
med_heartthoracicsurgery,European Journal of Cardio-Thoracic Surgery,54,66
med_heartthoracicsurgery,Interactive CardioVascular and Thoracic Surgery,38,47
med_heartthoracicsurgery,Annals of Cardiothoracic Surgery,35,50
med_heartthoracicsurgery,Journal of Cardiothoracic Surgery,26,35
med_heartthoracicsurgery,Thoracic Surgery Clinics,23,31
med_heartthoracicsurgery,General Thoracic and Cardiovascular Surgery,23,29
med_heartthoracicsurgery,The Thoracic and Cardiovascular Surgeon,23,29
med_heartthoracicsurgery,Journal of Cardiac Surgery,22,30
med_heartthoracicsurgery,Perfusion,22,30
med_heartthoracicsurgery,Annals of thoracic and cardiovascular surgery,18,24
med_heartthoracicsurgery,Seminars in Cardiothoracic and Vascular Anesthesia,16,21
med_heartthoracicsurgery,The Journal of heart valve disease,16,21
med_heartthoracicsurgery,Scandinavian Cardiovascular Journal,16,19
med_heartthoracicsurgery,World Journal for Pediatric and Congenital Heart Surgery,15,24
med_heartthoracicsurgery,Annals of Cardiothoracic Surgery,15,23
med_heartthoracicsurgery,Seminars in Thoracic and Cardiovascular Surgery,15,22
med_heartthoracicsurgery,The Korean Journal of Thoracic and Cardiovascular Surgery,15,20
med_heartthoracicsurgery,Revista Brasileira de Cirurgia Cardiovascular,15,19
med_hematology,Blood,153,205
med_hematology,Leukemia,90,126
med_hematology,Journal of Thrombosis and Haemostasis,69,91
med_hematology,British Journal of Haematology,68,96
med_hematology,Haematologica,66,87
med_hematology,Thrombosis and Haemostasis,62,86
med_hematology,American Journal of Hematology,58,78
med_hematology,Biology of Blood and Marrow Transplantation,56,68
med_hematology,Transfusion,53,73
med_hematology,Journal of Hematology & Oncology,52,79
med_hematology,Bone Marrow Transplantation,45,61
med_hematology,Thrombosis Research,42,60
med_hematology,Leukemia & Lymphoma,41,50
med_hematology,Blood Reviews,39,60
med_hematology,Seminars in Thrombosis and Hemostasis,39,54
med_hematology,Annals of Hematology,37,50
med_hematology,Blood Cancer Journal,37,49
med_hematology,Leukemia Research,37,49
med_hematology,Experimental Hematology,35,47
med_hematology,Haemophilia,35,47
med_hospicepalliativecare,Supportive Care in Cancer,56,71
med_hospicepalliativecare,Journal of Pain and Symptom Management,51,67
med_hospicepalliativecare,Palliative Medicine,48,72
med_hospicepalliativecare,Journal of Palliative Medicine,39,50
med_hospicepalliativecare,Death Studies,26,35
med_hospicepalliativecare,BMC Palliative Care,26,33
med_hospicepalliativecare,BMJ Supportive & Palliative Care,26,33
med_hospicepalliativecare,American Journal of Hospice and Palliative Medicine,25,33
med_hospicepalliativecare,Palliative & Supportive Care,25,30
med_hospicepalliativecare,Current Opinion in Supportive and Palliative Care,24,33
med_hospicepalliativecare,International Journal of Palliative Nursing,21,31
med_hospicepalliativecare,Journal of Pain & Palliative Care Pharmacotherapy,18,27
med_hospicepalliativecare,Indian Journal of Palliative Care,18,23
med_hospicepalliativecare,Annals of Palliative Medicine,16,20
med_hospicepalliativecare,OMEGA-Journal of Death and Dying,16,19
med_hospicepalliativecare,Journal of Hospice & Palliative Nursing,15,17
med_hospicepalliativecare,Journal of Palliative Care,13,16
med_hospicepalliativecare,Journal of Social Work in End-of-Life & Palliative Care,12,17
med_hospicepalliativecare,Korean Journal of Hospice and Palliative Care,10,14
med_hospicepalliativecare,Progress in Palliative Care,10,14
med_immunology,Immunity,141,218
med_immunology,Nature Reviews Immunology,134,251
med_immunology,Nature Immunology,127,181
med_immunology,Journal of Allergy and Clinical Immunology,118,158
med_immunology,The Journal of Immunology,98,125
med_immunology,Journal of Experimental Medicine,96,129
med_immunology,Frontiers in Immunology,92,125
med_immunology,Trends in Immunology,75,114
med_immunology,Immunological Reviews,72,107
med_immunology,Allergy,72,106
med_immunology,Autoimmunity Reviews,72,100
med_immunology,Mediators of Inflammation,63,95
med_immunology,Annual Review of Immunology,62,165
med_immunology,Current Opinion in Immunology,62,88
med_immunology,Journal of Autoimmunity,62,88
med_immunology,Mucosal Immunology,60,82
med_immunology,European Journal of Immunology,59,75
med_immunology,Journal of Immunology Research,55,73
med_immunology,Clinical & Experimental Allergy,54,72
med_immunology,"Cancer Immunology, Immunotherapy",53,79
med_medicalinformatics,Journal of Medical Internet Research,82,115
med_medicalinformatics,Journal of the American Medical Informatics Association,62,88
med_medicalinformatics,Journal of Biomedical Informatics,50,78
med_medicalinformatics,International Journal of Medical Informatics,48,63
med_medicalinformatics,Journal of Medical Systems,45,55
med_medicalinformatics,Journal of Medical Internet Research - Mobile Health and Ubiquitous Health,41,62
med_medicalinformatics,BMC Medical Informatics and Decision Making,41,56
med_medicalinformatics,Telemedicine and e-Health,35,47
med_medicalinformatics,Artificial Intelligence in Medicine,32,45
med_medicalinformatics,Journal of Telemedicine and Telecare,26,38
med_medicalinformatics,Journal of Biomedical Semantics,26,34
med_medicalinformatics,JMIR Research Protocols,25,32
med_medicalinformatics,Journal of Pathology Informatics,24,47
med_medicalinformatics,Studies in Health Technology and Informatics,23,30
med_medicalinformatics,AMIA Symposium,22,34
med_medicalinformatics,Methods of Information in Medicine,22,29
med_medicalinformatics,Health Informatics Journal,21,33
med_medicalinformatics,Healthcare Informatics Research,21,29
med_medicalinformatics,Yearbook of Medical Informatics,19,28
med_medicalinformatics,Applied Clinical Informatics,19,27
med_medicinalchemistry,Journal of Medicinal Chemistry,81,114
med_medicinalchemistry,Drug Discovery Today,65,95
med_medicinalchemistry,European Journal of Medicinal Chemistry,64,89
med_medicinalchemistry,Natural Product Reports,63,85
med_medicinalchemistry,Current Medicinal Chemistry,55,74
med_medicinalchemistry,Bioorganic & Medicinal Chemistry Letters,51,68
med_medicinalchemistry,Bioorganic & Medicinal Chemistry,49,67
med_medicinalchemistry,Medicinal Research Reviews,45,64
med_medicinalchemistry,Current Topics in Medicinal Chemistry,43,62
med_medicinalchemistry,Journal of Enzyme Inhibition and Medicinal Chemistry,41,61
med_medicinalchemistry,ACS Medicinal Chemistry Letters,40,50
med_medicinalchemistry,Expert Opinion on Therapeutic Patents,39,45
med_medicinalchemistry,Anti-Cancer Agents in Medicinal Chemistry,38,48
med_medicinalchemistry,Medicinal Chemistry Communications,36,47
med_medicinalchemistry,Future Medicinal Chemistry,36,46
med_medicinalchemistry,ChemMedChem,35,48
med_medicinalchemistry,Expert Opinion on Drug Discovery,35,44
med_medicinalchemistry,Chemical Biology & Drug Design,33,46
med_medicinalchemistry,Mini Reviews in Medicinal Chemistry,33,43
med_medicinalchemistry,Medicinal Chemistry Research,28,34
med_molecularbiology,Cell,244,366
med_molecularbiology,Nucleic Acids Research,208,392
med_molecularbiology,Molecular Cell,131,180
med_molecularbiology,Nature Reviews. Molecular Cell Biology,127,227
med_molecularbiology,Nature Cell Biology,115,164
med_molecularbiology,Cell Reports,112,152
med_molecularbiology,PLOS Genetics,106,142
med_molecularbiology,Oncogene,105,134
med_molecularbiology,Cold Spring Harbor Perspectives in Biology,97,136
med_molecularbiology,Nature Structural & Molecular Biology,91,142
med_molecularbiology,The EMBO Journal,90,115
med_molecularbiology,Genes & Development,88,123
med_molecularbiology,Developmental Cell,82,103
med_molecularbiology,FEBS Journal,74,118
med_molecularbiology,Molecular Biology of the Cell,72,98
med_molecularbiology,Annual Review of Biochemistry,70,116
med_molecularbiology,Journal of Molecular Biology,65,89
med_molecularbiology,Molecular Systems Biology,62,103
med_molecularbiology,Biochimica et Biophysica Acta (BBA)-Gene Regulatory Mechanisms,61,87
med_molecularbiology,EMBO Reports,60,89
med_naturalmedicinesmedicinalplants,Natural Product Reports,63,85
med_naturalmedicinesmedicinalplants,Journal of Ethnopharmacology,59,75
med_naturalmedicinesmedicinalplants,Marine Drugs,57,81
med_naturalmedicinesmedicinalplants,Phytotherapy Research,46,83
med_naturalmedicinesmedicinalplants,Journal of Natural Products,43,61
med_naturalmedicinesmedicinalplants,Phytomedicine,42,48
med_naturalmedicinesmedicinalplants,Fitoterapia,40,47
med_naturalmedicinesmedicinalplants,Asian Pacific Journal of Tropical Biomedicine,39,58
med_naturalmedicinesmedicinalplants,Planta Medica,32,45
med_naturalmedicinesmedicinalplants,Journal of Medicinal Food,31,37
med_naturalmedicinesmedicinalplants,Pharmaceutical Biology,30,38
med_naturalmedicinesmedicinalplants,Natural Product Research,27,34
med_naturalmedicinesmedicinalplants,Pharmacognosy Reviews,26,39
med_naturalmedicinesmedicinalplants,Chinese Journal of Natural Medicines,25,40
med_naturalmedicinesmedicinalplants,Journal of Natural Medicines,25,32
med_naturalmedicinesmedicinalplants,Journal of Pharmacognosy and Phytochemistry,24,34
med_naturalmedicinesmedicinalplants,Phytochemical Analysis,24,32
med_naturalmedicinesmedicinalplants,Chemistry & Biodiversity,23,28
med_naturalmedicinesmedicinalplants,Revista Brasileira de Farmacognosia,23,28
med_naturalmedicinesmedicinalplants,Avicenna Journal of Phytomedicine,22,31
med_neurology,Neuron,149,211
med_neurology,Nature Neuroscience,146,210
med_neurology,The Lancet Neurology,125,192
med_neurology,"'Nature Reviews Neuroscience""",123,200
med_neurology,NeuroImage,120,164
med_neurology,Journal of Neuroscience,113,140
med_neurology,Neurology,112,140
med_neurology,Brain,99,131
med_neurology,Neuroscience & Biobehavioral Reviews,97,144
med_neurology,Annals of Neurology,93,128
med_neurology,Cerebral Cortex,88,118
med_neurology,Nature Reviews. Neurology,86,139
med_neurology,JAMA Neurology,86,124
med_neurology,Acta Neuropathologica,86,115
med_neurology,Frontiers in Human Neuroscience,83,116
med_neurology,Movement Disorders,80,108
med_neurology,"Journal of Neurology, Neurosurgery and Psychiatry",76,99
med_neurology,Trends in Neurosciences,74,115
med_neurology,Neuropharmacology,74,99
med_neurology,Neuroscience,74,99
med_neurosurgery,Journal of Neurosurgery,66,85
med_neurosurgery,Neurosurgery,56,72
med_neurosurgery,World Neurosurgery,48,58
med_neurosurgery,Journal of Neurosurgery: Spine,47,60
med_neurosurgery,Neurosurgical Focus,42,52
med_neurosurgery,Acta Neurochirurgica,36,49
med_neurosurgery,Journal of Neurosurgery: Pediatrics,36,49
med_neurosurgery,Surgical Neurology International,31,49
med_neurosurgery,Operative Neurosurgery,28,40
med_neurosurgery,Neurosurgical Review,28,32
med_neurosurgery,Neurosurgery Clinics,24,36
med_neurosurgery,British Journal of Neurosurgery,24,32
med_neurosurgery,Journal of Korean Neurosurgical Society,21,26
med_neurosurgery,Neurologia Medico-Chirurgica,21,26
med_neurosurgery,Journal of Neurological Surgery Part B: Skull Base,20,25
med_neurosurgery,Journal of Neurological Surgery Part A: Central European Neurosurgery,19,34
med_neurosurgery,Stereotactic and Functional Neurosurgery,19,32
med_neurosurgery,Acta neurochirurgica. Supplement,18,26
med_neurosurgery,Journal of Neurosurgical Sciences,17,24
med_neurosurgery,Neurochirurgie,15,21
med_nuclearmedicineradiotherapymolecularimaging,Journal of Nuclear Medicine,75,105
med_nuclearmedicineradiotherapymolecularimaging,International Journal of Radiation Oncology * Biology * Physics,75,104
med_nuclearmedicineradiotherapymolecularimaging,European Journal of Nuclear Medicine and Molecular Imaging,67,89
med_nuclearmedicineradiotherapymolecularimaging,Radiotherapy and Oncology,64,85
med_nuclearmedicineradiotherapymolecularimaging,Physics in Medicine & Biology,57,73
med_nuclearmedicineradiotherapymolecularimaging,Medical Physics,56,72
med_nuclearmedicineradiotherapymolecularimaging,Radiation Oncology,43,56
med_nuclearmedicineradiotherapymolecularimaging,NMR in biomedicine,42,62
med_nuclearmedicineradiotherapymolecularimaging,Radiation Research,35,52
med_nuclearmedicineradiotherapymolecularimaging,Clinical Nuclear Medicine,35,44
med_nuclearmedicineradiotherapymolecularimaging,Clinical Oncology,34,42
med_nuclearmedicineradiotherapymolecularimaging,Journal of Nuclear Cardiology,32,46
med_nuclearmedicineradiotherapymolecularimaging,Seminars in Nuclear Medicine,32,45
med_nuclearmedicineradiotherapymolecularimaging,Molecular Imaging and Biology,31,41
med_nuclearmedicineradiotherapymolecularimaging,Strahlentherapie und Onkologie,31,37
med_nuclearmedicineradiotherapymolecularimaging,Seminars in Radiation Oncology,29,49
med_nuclearmedicineradiotherapymolecularimaging,Physica Medica: European Journal of Medical Physics,28,39
med_nuclearmedicineradiotherapymolecularimaging,Journal of Applied Clinical Medical Physics,28,38
med_nuclearmedicineradiotherapymolecularimaging,Nuclear Medicine and Biology,28,38
med_nuclearmedicineradiotherapymolecularimaging,Journal of Radiation Research,27,37
med_nursing,International Journal of Nursing Studies,65,100
med_nursing,Nurse Education Today,57,73
med_nursing,Journal of Advanced Nursing,56,77
med_nursing,Journal of Clinical Nursing,49,61
med_nursing,Journal of Nursing Management,44,58
med_nursing,Midwifery,40,52
med_nursing,Journal of Palliative Medicine,39,50
med_nursing,Journal of Nursing Administration,37,57
med_nursing,Nursing Ethics,37,51
med_nursing,Journal of Interprofessional Care,37,49
med_nursing,European journal of oncology nursing,36,48
med_nursing,Scandinavian Journal of Caring Sciences,36,44
med_nursing,Journal of Nursing Scholarship,35,59
med_nursing,Nurse Education in Practice,35,54
med_nursing,Nursing Education Perspectives,33,48
med_nursing,Clinical Simulation in Nursing,32,53
med_nursing,American Journal of Critical Care,32,48
med_nursing,Oncology Nursing Forum,31,45
med_nursing,Cancer Nursing,31,44
med_nursing,Journal of Nursing Education,31,42
med_nutritionscience,The American Journal of Clinical Nutrition,98,129
med_nutritionscience,Nutrients,78,106
med_nutritionscience,Clinical Nutrition,65,94
med_nutritionscience,British Journal of Nutrition,65,85
med_nutritionscience,Journal of the Academy of Nutrition and Dietetics,59,84
med_nutritionscience,The Journal of Nutrition,59,83
med_nutritionscience,Critical Reviews in Food Science and Nutrition,58,80
med_nutritionscience,The Journal of Nutritional Biochemistry,57,69
med_nutritionscience,Advances in Nutrition,56,89
med_nutritionscience,Nutrition Reviews,56,87
med_nutritionscience,Molecular Nutrition & Food Research,55,74
med_nutritionscience,Nutrition Journal,54,73
med_nutritionscience,Journal of Functional Foods,53,78
med_nutritionscience,Nutrition,53,69
med_nutritionscience,European Journal of Clinical Nutrition,53,66
med_nutritionscience,Journal of Parenteral and Enteral Nutrition,51,77
med_nutritionscience,Public Health Nutrition,50,69
med_nutritionscience,European Journal of Nutrition,48,67
med_nutritionscience,Current Opinion in Clinical Nutrition & Metabolic Care,45,61
med_nutritionscience,Proceedings of the Nutrition Society,44,58
med_obesity,Obesity Reviews,77,113
med_obesity,International journal of obesity,75,109
med_obesity,"Diabetes, Obesity and Metabolism",72,98
med_obesity,Obesity,68,89
med_obesity,Obesity Surgery,57,75
med_obesity,Surgery for obesity and related diseases,51,62
med_obesity,Molecular Metabolism,47,66
med_obesity,Pediatric Obesity,40,50
med_obesity,Journal of Obesity,38,58
med_obesity,"Diabetes, Metabolic Syndrome and Obesity: Targets and Therapy",36,67
med_obesity,"Current Opinion in Endocrinology, Diabetes and Obesity",36,49
med_obesity,Childhood Obesity,31,44
med_obesity,Obesity Research & Clinical Practice,29,55
med_obesity,Obesity Facts,28,40
med_obesity,Current Obesity Reports,27,37
med_obesity,Adipocyte,23,37
med_obesity,Metabolic Syndrome and Related Disorders,23,35
med_obesity,"Eating and Weight Disorders-Studies on Anorexia, Bulimia and Obesity",23,32
med_obesity,Clinical Obesity,18,24
med_obesity,BMC Obesity,16,20
med_oncology,Journal of Clinical Oncology,196,279
med_oncology,The Lancet Oncology,179,283
med_oncology,Nature Reviews Cancer,131,223
med_oncology,Cancer Research,131,170
med_oncology,Annals of Oncology,122,185
med_oncology,Clinical Cancer Research,121,165
med_oncology,Cancer Cell,119,204
med_oncology,Oncogene,105,134
med_oncology,Cancer Discovery,104,159
med_oncology,JNCI: Journal of the National Cancer Institute,93,129
med_oncology,Cancer Letters,91,123
med_oncology,Leukemia,90,126
med_oncology,British Journal of Cancer,90,122
med_oncology,Cancer,87,109
med_oncology,European Journal of Cancer,86,112
med_oncology,Oncotarget,86,104
med_oncology,International Journal of Cancer,85,105
med_oncology,Nature Reviews. Clinical Oncology,79,141
med_oncology,International Journal of Radiation Oncology * Biology * Physics,75,104
med_oncology,Neuro-Oncology,74,101
med_ophthalmologyoptometry,Ophthalmology,93,133
med_ophthalmologyoptometry,Investigative Ophthalmology & Visual Science,69,84
med_ophthalmologyoptometry,American Journal of Ophthalmology,63,84
med_ophthalmologyoptometry,JAMA Ophthalmology,59,80
med_ophthalmologyoptometry,Retina,58,72
med_ophthalmologyoptometry,British Journal of Ophthalmology,56,78
med_ophthalmologyoptometry,Progress in Retinal and Eye Research,55,77
med_ophthalmologyoptometry,Journal of Cataract & Refractive Surgery,54,76
med_ophthalmologyoptometry,Journal of Vision,48,69
med_ophthalmologyoptometry,"Eye (London, England)",47,67
med_ophthalmologyoptometry,Experimental Eye Research,47,58
med_ophthalmologyoptometry,Acta Ophthalmologica,43,58
med_ophthalmologyoptometry,Cornea,43,50
med_ophthalmologyoptometry,Journal of refractive surgery,41,55
med_ophthalmologyoptometry,Graefe's Archive for Clinical and Experimental Ophthalmology,39,51
med_ophthalmologyoptometry,Survey of Ophthalmology,38,62
med_ophthalmologyoptometry,"Clinical ophthalmology (Auckland, NZ)",38,53
med_ophthalmologyoptometry,Current Opinion in Ophthalmology,36,48
med_ophthalmologyoptometry,Vision Research,35,47
med_ophthalmologyoptometry,Optometry and Vision Science,34,48
med_oralmaxillofacialsurgery,Clinical Implant Dentistry and Related Research,43,56
med_oralmaxillofacialsurgery,International Journal of Oral & Maxillofacial Implants,42,61
med_oralmaxillofacialsurgery,Journal of Oral and Maxillofacial Surgery,39,55
med_oralmaxillofacialsurgery,Journal of Cranio-Maxillofacial Surgery,36,46
med_oralmaxillofacialsurgery,International Journal of Oral and Maxillofacial Surgery,35,47
med_oralmaxillofacialsurgery,British Journal of Oral and Maxillofacial Surgery,35,45
med_oralmaxillofacialsurgery,"Oral Surgery, Oral Medicine, Oral Pathology and Oral Radiology",34,44
med_oralmaxillofacialsurgery,"Medicina Oral, Patologia Oral y Cirugia Bucal",32,49
med_oralmaxillofacialsurgery,Dentomaxillofacial Radiology,32,42
med_oralmaxillofacialsurgery,Journal of Craniofacial Surgery,26,32
med_oralmaxillofacialsurgery,European Journal of Oral Implantology,25,38
med_oralmaxillofacialsurgery,Journal of Oral Implantology,25,33
med_oralmaxillofacialsurgery,Progress in Orthodontics,24,31
med_oralmaxillofacialsurgery,The Cleft palate-craniofacial journal,24,28
med_oralmaxillofacialsurgery,Implant Dentistry,23,30
med_oralmaxillofacialsurgery,Head & Face Medicine,21,27
med_oralmaxillofacialsurgery,Imaging Science in Dentistry,20,26
med_oralmaxillofacialsurgery,Journal of Oral and Maxillofacial Pathology: JOMFP,20,24
med_oralmaxillofacialsurgery,Oral and Maxillofacial Surgery Clinics,19,27
med_oralmaxillofacialsurgery,Oral and Maxillofacial Surgery,19,26
med_orthopedicmedicinesurgery,The American Journal of Sports Medicine,88,112
med_orthopedicmedicinesurgery,The Journal of Bone & Joint Surgery,78,102
med_orthopedicmedicinesurgery,Clinical Orthopaedics and Related Research,72,91
med_orthopedicmedicinesurgery,Spine,66,88
med_orthopedicmedicinesurgery,"Knee Surgery, Sports Traumatology, Arthroscopy",63,78
med_orthopedicmedicinesurgery,The Journal of Arthroplasty,62,81
med_orthopedicmedicinesurgery,Arthroscopy: The Journal of Arthroscopic & Related Surgery,61,91
med_orthopedicmedicinesurgery,The Spine Journal,55,79
med_orthopedicmedicinesurgery,European Spine Journal,55,69
med_orthopedicmedicinesurgery,The Bone & Joint Journal,54,70
med_orthopedicmedicinesurgery,Journal of shoulder and elbow surgery,51,67
med_orthopedicmedicinesurgery,Injury,48,60
med_orthopedicmedicinesurgery,International Orthopaedics,48,57
med_orthopedicmedicinesurgery,Journal of Orthopaedic Research,48,55
med_orthopedicmedicinesurgery,BMC Musculoskeletal Disorders,46,59
med_orthopedicmedicinesurgery,JAAOS-Journal of the American Academy of Orthopaedic Surgeons,43,57
med_orthopedicmedicinesurgery,Acta Orthopaedica,42,55
med_orthopedicmedicinesurgery,Archives of Orthopaedic and Trauma Surgery,42,52
med_orthopedicmedicinesurgery,Journal of Orthopaedic Trauma,41,49
med_orthopedicmedicinesurgery,World Journal of Orthopaedics,39,54
med_otolaryngology,The Laryngoscope,53,63
med_otolaryngology,Head & Neck,45,57
med_otolaryngology,Hearing Research,43,68
med_otolaryngology,OtolaryngologyHead and Neck Surgery,42,57
med_otolaryngology,Otology & Neurotology,41,53
med_otolaryngology,JAMA OtolaryngologyHead & Neck Surgery,40,60
med_otolaryngology,Ear and Hearing,38,52
med_otolaryngology,European Archives of Oto-Rhino-Laryngology,37,46
med_otolaryngology,International Journal of Pediatric Otorhinolaryngology,34,40
med_otolaryngology,International Forum of Allergy & Rhinology,33,42
med_otolaryngology,American Journal of Rhinology & Allergy,30,37
med_otolaryngology,Journal of the Association for Research in Otolaryngology,28,36
med_otolaryngology,Acta Oto-Laryngologica,24,33
med_otolaryngology,Otolaryngologic Clinics of North America,24,30
med_otolaryngology,"Annals of Otology, Rhinology & Laryngology",24,29
med_otolaryngology,Auris Nasus Larynx,24,29
med_otolaryngology,Clinical Otolaryngology,23,34
med_otolaryngology,Audiology and Neurotology,23,32
med_otolaryngology,Current Opinion in Otolaryngology & Head and Neck Surgery,23,31
med_otolaryngology,American Journal of Otolaryngology,23,27
med_painpainmanagement,Pain,74,97
med_painpainmanagement,The journal of pain,59,80
med_painpainmanagement,Journal of Pain and Symptom Management,51,67
med_painpainmanagement,Pain Physician,45,54
med_painpainmanagement,Cephalalgia,44,56
med_painpainmanagement,Pain Medicine,43,67
med_painpainmanagement,The Clinical Journal of Pain,43,58
med_painpainmanagement,Headache: The Journal of Head and Face Pain,42,61
med_painpainmanagement,European Journal of Pain,42,56
med_painpainmanagement,The Journal of Headache and Pain,41,53
med_painpainmanagement,Journal of Pain Research,36,52
med_painpainmanagement,Current Pain and Headache Reports,33,41
med_painpainmanagement,Pain Practice,33,41
med_painpainmanagement,Molecular Pain,31,40
med_painpainmanagement,Pain management nursing,29,40
med_painpainmanagement,Pain research & management,24,35
med_painpainmanagement,Journal of Oral & Facial Pain & Headache,22,31
med_painpainmanagement,Anesthesiology and Pain Medicine,22,27
med_painpainmanagement,The Korean Journal of Pain,20,23
med_painpainmanagement,Journal of Pain & Palliative Care Pharmacotherapy,18,27
med_pathology,Acta Neuropathologica,86,115
med_pathology,Journal of Pathology,67,86
med_pathology,"Modern pathology: an official journal of the United States and Canadian Academy of Pathology, Inc",64,78
med_pathology,The American Journal of Surgical Pathology,63,89
med_pathology,The American Journal of Pathology,62,80
med_pathology,International Journal of Clinical and Experimental Pathology,46,64
med_pathology,Human Pathology,46,62
med_pathology,Histopathology,46,60
med_pathology,Archives of Pathology & Laboratory Medicine,44,58
med_pathology,Brain Pathology,43,62
med_pathology,Laboratory investigation; a journal of technical methods and pathology,42,52
med_pathology,Acta Neuropathologica Communications,41,56
med_pathology,Cancer Cytopathology,41,53
med_pathology,Journal of Clinical Pathology,40,58
med_pathology,Journal of Neuropathology and Experimental Neurology,37,54
med_pathology,Neuropathology and Applied Neurobiology,37,49
med_pathology,American Journal of Clinical Pathology,37,48
med_pathology,Veterinary Pathology,35,53
med_pathology,Diagnostic Pathology,35,46
med_pathology,Virchows Archiv,34,46
med_pediatricmedicine,Pediatrics,117,163
med_pediatricmedicine,JAMA Pediatrics,79,124
med_pediatricmedicine,The Journal of Pediatrics,73,94
med_pediatricmedicine,Journal of Pediatric Gastroenterology and Nutrition,52,70
med_pediatricmedicine,Developmental Medicine & Child Neurology,49,65
med_pediatricmedicine,Archives of Disease in Childhood,48,62
med_pediatricmedicine,The Pediatric Infectious Disease Journal,48,61
med_pediatricmedicine,Pediatric Research,47,62
med_pediatricmedicine,Acta Paediatrica,45,64
med_pediatricmedicine,Archives of Disease in Childhood-Fetal and Neonatal Edition,43,62
med_pediatricmedicine,Journal of Inherited Metabolic Disease,43,60
med_pediatricmedicine,BMC Pediatrics,43,56
med_pediatricmedicine,Pediatric Nephrology,43,54
med_pediatricmedicine,Pediatric Diabetes,42,60
med_pediatricmedicine,Pediatric Critical Care Medicine,41,53
med_pediatricmedicine,Journal of perinatology: official journal of the California Perinatal Association,41,52
med_pediatricmedicine,Journal of Pediatric Surgery,41,50
med_pediatricmedicine,Pediatric Pulmonology,39,53
med_pediatricmedicine,Early Human Development,39,49
med_pediatricmedicine,Pediatric Anesthesia,38,51
med_pharmacologypharmacy,Nature Reviews. Drug Discovery,116,228
med_pharmacologypharmacy,Advanced Drug Delivery Reviews,105,158
med_pharmacologypharmacy,Journal of controlled release,96,127
med_pharmacologypharmacy,Pharmacology & Therapeutics,83,107
med_pharmacologypharmacy,Journal of Medicinal Chemistry,81,114
med_pharmacologypharmacy,Neuropsychopharmacology,75,105
med_pharmacologypharmacy,Neuropharmacology,74,99
med_pharmacologypharmacy,British Journal of Pharmacology,71,105
med_pharmacologypharmacy,International Journal of Pharmaceutics,70,95
med_pharmacologypharmacy,Trends in Pharmacological Sciences,69,104
med_pharmacologypharmacy,Biochemical Pharmacology,67,88
med_pharmacologypharmacy,Current Pharmaceutical Design,65,91
med_pharmacologypharmacy,Pharmacological Reviews,63,126
med_pharmacologypharmacy,Molecular Pharmaceutics,62,81
med_pharmacologypharmacy,British Journal of Clinical Pharmacology,61,85
med_pharmacologypharmacy,Clinical Pharmacology & Therapeutics,60,104
med_pharmacologypharmacy,Journal of Ethnopharmacology,59,75
med_pharmacologypharmacy,European Journal of Pharmacology,58,77
med_pharmacologypharmacy,European Neuropsychopharmacology,57,80
med_pharmacologypharmacy,Pharmacological Research,56,80
med_physicaleducationsportsmedicine,British Journal of Sports Medicine,100,133
med_physicaleducationsportsmedicine,The American Journal of Sports Medicine,88,112
med_physicaleducationsportsmedicine,Sports Medicine,78,115
med_physicaleducationsportsmedicine,Medicine & Science in Sports & Exercise,70,91
med_physicaleducationsportsmedicine,"Knee Surgery, Sports Traumatology, Arthroscopy",63,78
med_physicaleducationsportsmedicine,Arthroscopy: The Journal of Arthroscopic & Related Surgery,61,91
med_physicaleducationsportsmedicine,International Journal of Behavioral Nutrition and Physical Activity,61,83
med_physicaleducationsportsmedicine,The Journal of Strength & Conditioning Research,61,77
med_physicaleducationsportsmedicine,Scandinavian Journal of Medicine & Science in Sports,57,72
med_physicaleducationsportsmedicine,Journal of Science and Medicine in Sport,53,79
med_physicaleducationsportsmedicine,Physical Therapy,48,69
med_physicaleducationsportsmedicine,International Journal of Sports Physiology and Performance,48,64
med_physicaleducationsportsmedicine,Gait & Posture,48,63
med_physicaleducationsportsmedicine,Psychology of Sport and Exercise,47,67
med_physicaleducationsportsmedicine,Journal of Sports Sciences,47,65
med_physicaleducationsportsmedicine,European Journal of Applied Physiology,46,62
med_physicaleducationsportsmedicine,Journal of Athletic Training,43,62
med_physicaleducationsportsmedicine,European Journal of Sports Science,42,60
med_physicaleducationsportsmedicine,Journal of Orthopaedic & Sports Physical Therapy,41,59
med_physicaleducationsportsmedicine,"Applied Physiology, Nutrition, and Metabolism",40,65
med_physiology,Physiological Reviews,79,183
med_physiology,The Journal of Physiology,66,86
med_physiology,Annual Review of Physiology,55,110
med_physiology,Journal of Applied Physiology,55,76
med_physiology,Comprehensive Physiology,52,83
med_physiology,American Journal of Physiology-Heart and Circulatory Physiology,52,71
med_physiology,American Journal of Physiology-Endocrinology and Metabolism,52,67
med_physiology,Cellular Physiology and Biochemistry,52,64
med_physiology,American Journal of Physiology-Cell Physiology,50,68
med_physiology,American Journal of Physiology-Renal Physiology,50,67
med_physiology,American Journal of Physiology-Lung Cellular and Molecular Physiology,48,72
med_physiology,"American Journal of Physiology-Regulatory, Integrative and Comparative Physiology",48,61
med_physiology,Journal of Neurophysiology,47,66
med_physiology,European Journal of Applied Physiology,46,62
med_physiology,American Journal of Physiology-Gastrointestinal and Liver Physiology,46,60
med_physiology,Acta Physiologica,45,67
med_physiology,Pflgers Archiv-European Journal of Physiology,42,63
med_physiology,The Journal of General Physiology,42,58
med_physiology,Physiology,38,52
med_physiology,Experimental Physiology,37,49
med_plasticreconstructivesurgery,Plastic and Reconstructive Surgery,60,78
med_plasticreconstructivesurgery,"Journal of Plastic, Reconstructive & Aesthetic Surgery",38,55
med_plasticreconstructivesurgery,Dermatologic Surgery,37,48
med_plasticreconstructivesurgery,Annals of Plastic Surgery,36,44
med_plasticreconstructivesurgery,Aesthetic Surgery Journal,31,44
med_plasticreconstructivesurgery,Microsurgery,27,34
med_plasticreconstructivesurgery,Aesthetic Plastic Surgery,26,33
med_plasticreconstructivesurgery,Journal of Craniofacial Surgery,26,32
med_plasticreconstructivesurgery,The Cleft palate-craniofacial journal,24,28
med_plasticreconstructivesurgery,Archives of Plastic Surgery,23,34
med_plasticreconstructivesurgery,Journal of Reconstructive Microsurgery,23,34
med_plasticreconstructivesurgery,Plastic and reconstructive surgery. Global open,23,34
med_plasticreconstructivesurgery,JAMA Facial Plastic Surgery,22,32
med_plasticreconstructivesurgery,Ophthalmic Plastic & Reconstructive Surgery,22,30
med_plasticreconstructivesurgery,Journal of Cosmetic Dermatology,22,29
med_plasticreconstructivesurgery,Clinics in Plastic Surgery,21,30
med_plasticreconstructivesurgery,Journal of Plastic Surgery and Hand Surgery,19,22
med_plasticreconstructivesurgery,Journal of cosmetic and laser therapy,18,24
med_plasticreconstructivesurgery,Journal of Cutaneous and Aesthetic Surgery,17,34
med_plasticreconstructivesurgery,Facial Plastic Surgery Clinics,17,20
med_pregnancychildbirth,BMC Pregnancy and Childbirth,54,69
med_pregnancychildbirth,Archives of Disease in Childhood-Fetal and Neonatal Edition,43,62
med_pregnancychildbirth,Maternal and Child Health Journal,42,57
med_pregnancychildbirth,Journal of perinatology: official journal of the California Perinatal Association,41,52
med_pregnancychildbirth,Midwifery,40,52
med_pregnancychildbirth,The Journal of Maternal-Fetal & Neonatal Medicine,38,50
med_pregnancychildbirth,Maternal & Child Nutrition,37,59
med_pregnancychildbirth,Seminars in Fetal and Neonatal Medicine,37,50
med_pregnancychildbirth,Clinics in Perinatology,36,51
med_pregnancychildbirth,Seminars in Perinatology,34,47
med_pregnancychildbirth,American Journal of Perinatology,33,41
med_pregnancychildbirth,Paediatric and Perinatal Epidemiology,31,43
med_pregnancychildbirth,Fetal Diagnosis and Therapy,30,49
med_pregnancychildbirth,Women and Birth,30,42
med_pregnancychildbirth,Journal of Human Lactation,29,41
med_pregnancychildbirth,Journal of Midwifery & Women's Health,28,41
med_pregnancychildbirth,"Journal of Obstetric, Gynecologic, & Neonatal Nursing",28,37
med_pregnancychildbirth,Birth Defects Research Part A-Clinical and Molecular Teratology,27,39
med_pregnancychildbirth,Journal of Perinatal Medicine,27,37
med_pregnancychildbirth,Breastfeeding medicine,26,36
med_primaryhealthcare,Journal of General Internal Medicine,57,73
med_primaryhealthcare,The Annals of Family Medicine,49,77
med_primaryhealthcare,American Family Physician,40,52
med_primaryhealthcare,BMC Family Practice,39,53
med_primaryhealthcare,British Journal of General Practice,37,48
med_primaryhealthcare,The Journal of the American Board of Family Medicine,31,41
med_primaryhealthcare,Family Practice,30,42
med_primaryhealthcare,Canadian Family Physician,29,44
med_primaryhealthcare,Primary Care Respiratory Journal,22,30
med_primaryhealthcare,Australian Family Physician,22,29
med_primaryhealthcare,Journal of the American Association of Nurse Practitioners,21,27
med_primaryhealthcare,Scandinavian Journal of Primary Health Care,21,26
med_primaryhealthcare,Family Medicine,20,30
med_primaryhealthcare,Primary Care: Clinics in Office Practice,20,26
med_primaryhealthcare,Journal of Family & Community Medicine,19,31
med_primaryhealthcare,Australian Prescriber,18,25
med_primaryhealthcare,Australian Journal of Primary Health,18,23
med_primaryhealthcare,Primary Health Care Research & Development,17,22
med_primaryhealthcare,The European Journal of General Practice,17,22
med_primaryhealthcare,African Journal of Primary Health Care & Family Medicine,16,24
med_psychiatry,Biological Psychiatry,108,145
med_psychiatry,JAMA Psychiatry,104,154
med_psychiatry,Molecular Psychiatry,101,131
med_psychiatry,American Journal of Psychiatry,93,141
med_psychiatry,Clinical Psychology Review,78,112
med_psychiatry,Schizophrenia Bulletin,77,103
med_psychiatry,Journal of Affective Disorders,77,100
med_psychiatry,Psychological Medicine,76,103
med_psychiatry,Neuropsychopharmacology,75,105
med_psychiatry,Journal of Child Psychology and Psychiatry,74,122
med_psychiatry,The British Journal of Psychiatry,68,98
med_psychiatry,Schizophrenia Research,68,90
med_psychiatry,Journal of the American Academy of Child & Adolescent Psychiatry,66,106
med_psychiatry,Journal of Psychiatric Research,60,86
med_psychiatry,Depression and Anxiety,60,82
med_psychiatry,Psychiatry Research,60,75
med_psychiatry,The Journal of Clinical Psychiatry,59,83
med_psychiatry,BMC Psychiatry,59,80
med_psychiatry,Translational Psychiatry,59,80
med_psychiatry,Journal of Consulting and Clinical Psychology,58,81
med_psychology,Psychological Science,98,155
med_psychology,Trends in Cognitive Sciences,92,157
med_psychology,Psychological Bulletin,86,152
med_psychology,Frontiers in Psychology,84,110
med_psychology,Frontiers in Human Neuroscience,83,116
med_psychology,Clinical Psychology Review,78,112
med_psychology,Journal of Personality and Social Psychology,77,114
med_psychology,Annual Review of Psychology,74,167
med_psychology,Journal of Child Psychology and Psychiatry,74,122
med_psychology,Developmental Psychology,70,96
med_psychology,Perspectives on Psychological Science,69,114
med_psychology,Child Development,69,106
med_psychology,Journal of Applied Psychology,68,94
med_psychology,Journal of Experimental Psychology: General,63,90
med_psychology,American Psychologist,62,120
med_psychology,Personality and Individual Differences,62,79
med_psychology,Social Cognitive and Affective Neuroscience,61,102
med_psychology,Journal of Educational Psychology,61,101
med_psychology,Psycho-Oncology,61,81
med_psychology,Current Directions in Psychological Science,60,115
med_publichealth,American Journal of Public Health,86,119
med_publichealth,BMC Public Health,83,117
med_publichealth,American Journal of Preventive Medicine,78,114
med_publichealth,International Journal of Environmental Research and Public Health,68,86
med_publichealth,International Journal of Behavioral Nutrition and Physical Activity,61,83
med_publichealth,Preventive Medicine,60,78
med_publichealth,Tobacco Control,57,90
med_publichealth,Bulletin of the World Health Organization,57,85
med_publichealth,Nicotine & Tobacco Research,55,86
med_publichealth,AIDS and behavior,55,73
med_publichealth,European Journal of Public Health,48,63
med_publichealth,NCHS Data Brief,45,102
med_publichealth,Annual Review of Public Health,43,92
med_publichealth,Preventing Chronic Disease,40,55
med_publichealth,Health Policy and Planning,39,50
med_publichealth,International Journal of Public Health,38,51
med_publichealth,Journal of Health Communication,37,51
med_publichealth,Journal of Physical Activity and Health,37,48
med_publichealth,International Journal for Equity in Health,37,46
med_publichealth,Global Health Action,37,45
med_pulmonology,American Journal of Respiratory and Critical Care Medicine,111,158
med_pulmonology,European Respiratory Journal,93,143
med_pulmonology,Chest,93,130
med_pulmonology,The Lancet Respiratory Medicine,86,132
med_pulmonology,Thorax,75,114
med_pulmonology,Journal of Thoracic Oncology,71,97
med_pulmonology,Lung Cancer,54,72
med_pulmonology,Respiratory Medicine,54,72
med_pulmonology,Annals of the American Thoracic Society,51,67
med_pulmonology,Journal of Thoracic Disease,50,75
med_pulmonology,American Journal of Respiratory Cell and Molecular Biology,48,59
med_pulmonology,Respiratory Research,46,64
med_pulmonology,Respirology,44,62
med_pulmonology,International Journal of Chronic Obstructive Pulmonary Disease,44,60
med_pulmonology,European Respiratory Review,43,66
med_pulmonology,Journal of Cystic Fibrosis,40,56
med_pulmonology,Respiratory Care,40,54
med_pulmonology,Pediatric Pulmonology,39,53
med_pulmonology,Respiration,39,49
med_pulmonology,Sleep and Breathing,37,48
med_radiologymedicalimaging,Radiology,99,144
med_radiologymedicalimaging,IEEE Transactions on Medical Imaging,66,103
med_radiologymedicalimaging,Magnetic Resonance in Medicine,66,81
med_radiologymedicalimaging,JACC: Cardiovascular Imaging,65,92
med_radiologymedicalimaging,Endoscopy,60,86
med_radiologymedicalimaging,European Radiology,60,81
med_radiologymedicalimaging,American Journal of Neuroradiology,59,74
med_radiologymedicalimaging,Physics in Medicine & Biology,57,73
med_radiologymedicalimaging,Circulation: Cardiovascular Imaging,56,82
med_radiologymedicalimaging,Medical Physics,56,72
med_radiologymedicalimaging,American Journal of Roentgenology,56,70
med_radiologymedicalimaging,Journal of Magnetic Resonance Imaging,54,79
med_radiologymedicalimaging,European Heart Journal-Cardiovascular Imaging,53,72
med_radiologymedicalimaging,European Journal of Radiology,52,66
med_radiologymedicalimaging,Journal of the American Society of Echocardiography,50,87
med_radiologymedicalimaging,Investigative Radiology,48,64
med_radiologymedicalimaging,RadioGraphics,47,58
med_radiologymedicalimaging,Journal of Cardiovascular Magnetic Resonance,46,77
med_radiologymedicalimaging,CardioVascular and Interventional Radiology,44,58
med_radiologymedicalimaging,Journal of Vascular and Interventional Radiology,43,52
med_rehabilitationtherapy,Archives of Physical Medicine and Rehabilitation,59,80
med_rehabilitationtherapy,Journal of NeuroEngineering and Rehabilitation,51,72
med_rehabilitationtherapy,IEEE Transactions on Neural Systems and Rehabilitation Engineering,49,67
med_rehabilitationtherapy,Neurorehabilitation and Neural Repair,47,61
med_rehabilitationtherapy,Clinical Rehabilitation,44,57
med_rehabilitationtherapy,Disability and Rehabilitation,40,52
med_rehabilitationtherapy,Brain Injury,39,54
med_rehabilitationtherapy,Journal of Head Trauma Rehabilitation,38,48
med_rehabilitationtherapy,Manual Therapy,36,46
med_rehabilitationtherapy,American Journal of Physical Medicine & Rehabilitation,34,43
med_rehabilitationtherapy,Spinal Cord,34,40
med_rehabilitationtherapy,PM&R,33,46
med_rehabilitationtherapy,Journal of rehabilitation medicine,31,42
med_rehabilitationtherapy,NeuroRehabilitation,31,42
med_rehabilitationtherapy,European Journal of Physical and Rehabilitation Medicine,29,43
med_rehabilitationtherapy,Neuropsychological Rehabilitation,28,36
med_rehabilitationtherapy,Journal of Rehabilitation Research & Development,28,35
med_rehabilitationtherapy,Annals of Physical and Rehabilitation Medicine,27,33
med_rehabilitationtherapy,Rehabilitation Psychology,26,37
med_rehabilitationtherapy,The Journal of Spinal Cord Medicine,25,33
med_reproductivehealth,Fertility and Sterility,83,109
med_reproductivehealth,Human Reproduction Update,74,106
med_reproductivehealth,Human Reproduction,71,102
med_reproductivehealth,Journal of Sexual Medicine,57,78
med_reproductivehealth,Reproductive BioMedicine Online,47,65
med_reproductivehealth,Biology of Reproduction,45,57
med_reproductivehealth,Reproduction,42,57
med_reproductivehealth,Contraception,41,62
med_reproductivehealth,Molecular Human Reproduction,40,51
med_reproductivehealth,American Journal of Reproductive Immunology,38,57
med_reproductivehealth,Reproductive Biology and Endocrinology,38,52
med_reproductivehealth,Journal of Assisted Reproduction and Genetics,38,49
med_reproductivehealth,Asian Journal of Andrology,37,52
med_reproductivehealth,Andrology,36,46
med_reproductivehealth,Journal of Reproductive Immunology,31,44
med_reproductivehealth,Seminars in Reproductive Medicine,29,37
med_reproductivehealth,Molecular Reproduction and Development,26,37
med_reproductivehealth,Andrologia,26,36
med_reproductivehealth,Iranian Journal of Reproductive Medicine,24,31
med_reproductivehealth,"Reproduction, Fertility and Development",24,31
med_rheumatology,Annals of the Rheumatic Diseases,119,170
med_rheumatology,Arthritis & Rheumatology,85,115
med_rheumatology,Arthritis and Rheumatism,74,101
med_rheumatology,Autoimmunity Reviews,72,100
med_rheumatology,Nature Reviews. Rheumatology,71,112
med_rheumatology,Osteoarthritis and Cartilage,63,87
med_rheumatology,Rheumatology,63,80
med_rheumatology,Arthritis Research & Therapy,59,77
med_rheumatology,Arthritis Care & Research,56,72
med_rheumatology,Seminars in Arthritis and Rheumatism,49,69
med_rheumatology,Current Opinion in Rheumatology,48,73
med_rheumatology,The Journal of Rheumatology,47,65
med_rheumatology,Clinical Rheumatology,39,49
med_rheumatology,Best Practice & Research Clinical Rheumatology,37,61
med_rheumatology,Clinical and Experimental Rheumatology,37,48
med_rheumatology,Current Rheumatology Reports,36,54
med_rheumatology,Rheumatology International,36,45
med_rheumatology,Joint Bone Spine,34,47
med_rheumatology,Rheumatic Disease Clinics,31,45
med_rheumatology,Modern Rheumatology,29,44
med_socialpsychology,Journal of Personality and Social Psychology,77,114
med_socialpsychology,Personality and Individual Differences,62,79
med_socialpsychology,Personality and Social Psychology Bulletin,56,75
med_socialpsychology,"Cyberpsychology, Behavior, and Social Networking",54,74
med_socialpsychology,Journal of Experimental Social Psychology,50,75
med_socialpsychology,Journal of Personality,43,63
med_socialpsychology,Social Psychological and Personality Science,43,61
med_socialpsychology,Social and Personality Psychology Compass,38,58
med_socialpsychology,European Journal of Personality,37,56
med_socialpsychology,Journal of Research in Personality,37,50
med_socialpsychology,European Journal of Social Psychology,36,49
med_socialpsychology,Social Behavior and Personality: An International Journal,31,39
med_socialpsychology,Group Processes & Intergroup Relations,30,42
med_socialpsychology,Self and Identity,29,44
med_socialpsychology,British Journal of Social Psychology,29,40
med_socialpsychology,Journal of Social and Personal Relationships,28,38
med_socialpsychology,Psychology of Popular Media Culture,27,49
med_socialpsychology,Social Psychology,26,36
med_socialpsychology,Journal of Social and Clinical Psychology,26,34
med_socialpsychology,Basic and Applied Social Psychology,24,39
med_surgery,Annals of Surgery,103,141
med_surgery,Journal of Vascular Surgery,88,156
med_surgery,British Journal of Surgery,76,106
med_surgery,Surgical Endoscopy,71,92
med_surgery,Annals of Surgical Oncology,71,91
med_surgery,JAMA Surgery,66,94
med_surgery,Journal of the American College of Surgeons,66,88
med_surgery,Journal of Trauma and Acute Care Surgery,59,75
med_surgery,Obesity Surgery,57,75
med_surgery,World Journal of Surgery,55,73
med_surgery,Surgery,54,73
med_surgery,Journal of Gastrointestinal Surgery,52,67
med_surgery,Surgery for obesity and related diseases,51,62
med_surgery,European Journal of Surgical Oncology,50,62
med_surgery,Journal of Surgical Oncology,49,62
med_surgery,Journal of Surgical Research,48,63
med_surgery,Gastric Cancer,46,63
med_surgery,The American Journal of Surgery,45,60
med_surgery,European journal of vascular and endovascular surgery,44,57
med_surgery,Journal of HepatoBiliaryPancreatic Sciences,42,66
med_toxicology,Environmental Health Perspectives,93,125
med_toxicology,Food and Chemical Toxicology,70,91
med_toxicology,Carcinogenesis,64,90
med_toxicology,Ecotoxicology and Environmental Safety,60,75
med_toxicology,Archives of Toxicology,58,85
med_toxicology,Toxicology and Applied Pharmacology,55,68
med_toxicology,Toxicology Letters,54,71
med_toxicology,Toxicological Sciences,53,75
med_toxicology,Environmental Research,53,66
med_toxicology,Nanotoxicology,52,69
med_toxicology,Particle and Fibre Toxicology,51,86
med_toxicology,Aquatic Toxicology,51,67
med_toxicology,Toxins,50,68
med_toxicology,Annual Review of Pharmacology and Toxicology,49,94
med_toxicology,Toxicology,47,72
med_toxicology,Drug Metabolism and Disposition,45,57
med_toxicology,Toxicology in Vitro,44,63
med_toxicology,Chemico-Biological Interactions,44,57
med_toxicology,Chemical Research in Toxicology,43,53
med_toxicology,Journal of Applied Toxicology,42,56
med_transplantation,American Journal of Transplantation,82,114
med_transplantation,The Journal of Heart and Lung Transplantation,60,98
med_transplantation,Biology of Blood and Marrow Transplantation,56,68
med_transplantation,Transplantation,55,70
med_transplantation,Liver Transplantation,48,65
med_transplantation,Cell Transplantation,47,62
med_transplantation,Bone Marrow Transplantation,45,61
med_transplantation,Transplant International,38,50
med_transplantation,Current Opinion in Organ Transplantation,35,45
med_transplantation,Transplantation Proceedings,29,36
med_transplantation,Xenotransplantation,27,38
med_transplantation,Clinical Transplantation,27,32
med_transplantation,Transplant Infectious Disease,26,31
med_transplantation,Human Leukocyte Antigens,23,35
med_transplantation,Transplantation Reviews,23,35
med_transplantation,Pediatric Transplantation,22,27
med_transplantation,Transplant Immunology,21,32
med_transplantation,World Journal of Transplantation,20,27
med_transplantation,Progress in Transplantation,17,24
med_transplantation,Annals of Transplantation,17,20
med_tropicalmedicineparasitology,PLOS Neglected Tropical Diseases,78,110
med_tropicalmedicineparasitology,American Journal of Tropical Medicine and Hygiene,54,70
med_tropicalmedicineparasitology,Parasites & Vectors,53,70
med_tropicalmedicineparasitology,Malaria Journal,52,70
med_tropicalmedicineparasitology,Trends in Parasitology,50,68
med_tropicalmedicineparasitology,Veterinary Parasitology,47,63
med_tropicalmedicineparasitology,Parasitology Research,47,60
med_tropicalmedicineparasitology,Acta Tropica,42,52
med_tropicalmedicineparasitology,International Journal for Parasitology,41,72
med_tropicalmedicineparasitology,Tropical Medicine & International Health,41,58
med_tropicalmedicineparasitology,Parasitology,39,58
med_tropicalmedicineparasitology,Ticks and Tick-borne Diseases,33,39
med_tropicalmedicineparasitology,Memrias do Instituto Oswaldo Cruz,32,51
med_tropicalmedicineparasitology,Experimental Parasitology,32,41
med_tropicalmedicineparasitology,Journal of Medical Entomology,31,43
med_tropicalmedicineparasitology,Vector-Borne and Zoonotic Diseases,30,35
med_tropicalmedicineparasitology,Travel Medicine and Infectious Disease,29,42
med_tropicalmedicineparasitology,Asian Pacific Journal of Tropical Disease,29,41
med_tropicalmedicineparasitology,Infectious Diseases of Poverty,29,38
med_tropicalmedicineparasitology,Transactions of The Royal Society of Tropical Medicine and Hygiene,29,36
med_urologynephrology,European Urology,122,190
med_urologynephrology,The Journal of Urology,87,131
med_urologynephrology,Journal of the American Society of Nephrology,85,114
med_urologynephrology,Kidney International,84,116
med_urologynephrology,American Journal of Kidney Diseases,70,101
med_urologynephrology,Clinical Journal of the American Society of Nephrology,69,88
med_urologynephrology,BJU International,67,83
med_urologynephrology,Nephrology Dialysis Transplantation,66,86
med_urologynephrology,Nature Reviews. Nephrology,65,87
med_urologynephrology,American Journal of Physiology-Renal Physiology,50,67
med_urologynephrology,Urology,49,60
med_urologynephrology,Nature Reviews. Urology,46,65
med_urologynephrology,Urologic Oncology: Seminars and Original Investigations,46,63
med_urologynephrology,The Prostate,44,61
med_urologynephrology,Pediatric Nephrology,43,54
med_urologynephrology,BMC Nephrology,42,57
med_urologynephrology,International Urogynecology Journal,40,50
med_urologynephrology,World Journal of Urology,40,48
med_urologynephrology,Neurourology and Urodynamics,39,50
med_urologynephrology,Current Opinion in Nephrology and Hypertension,38,48
med_vascularmedicine,Stroke,94,126
med_vascularmedicine,Journal of Vascular Surgery,88,156
med_vascularmedicine,Hypertension,82,116
med_vascularmedicine,"Arteriosclerosis, Thrombosis, and Vascular Biology",73,98
med_vascularmedicine,Atherosclerosis,67,91
med_vascularmedicine,Journal of the American Heart Association,64,91
med_vascularmedicine,Journal of cerebral blood flow and metabolism,64,80
med_vascularmedicine,Journal of Hypertension,57,82
med_vascularmedicine,"Nutrition, Metabolism and Cardiovascular Diseases",52,73
med_vascularmedicine,International Journal of Stroke,51,78
med_vascularmedicine,Cardiovascular Diabetology,47,70
med_vascularmedicine,European journal of vascular and endovascular surgery,44,57
med_vascularmedicine,American Journal of Hypertension,43,60
med_vascularmedicine,Cerebrovascular Diseases,43,57
med_vascularmedicine,Journal of NeuroInterventional Surgery,42,55
med_vascularmedicine,Journal of stroke and cerebrovascular diseases,42,48
med_vascularmedicine,Current Opinion in Lipidology,41,52
med_vascularmedicine,Journal of Human Hypertension,39,53
med_vascularmedicine,Current Hypertension Reports,39,49
med_vascularmedicine,Translational Stroke Research,37,50
med_veterinarymedicine,Veterinary Microbiology,50,64
med_veterinarymedicine,Veterinary Parasitology,47,63
med_veterinarymedicine,The Veterinary Journal,41,52
med_veterinarymedicine,Preventive Veterinary Medicine,39,51
med_veterinarymedicine,BMC Veterinary Research,37,47
med_veterinarymedicine,Veterinary Research,37,47
med_veterinarymedicine,Journal of Veterinary Internal Medicine,36,50
med_veterinarymedicine,Veterinary Pathology,35,53
med_veterinarymedicine,Transboundary and Emerging Diseases,35,47
med_veterinarymedicine,Theriogenology,34,47
med_veterinarymedicine,Ticks and Tick-borne Diseases,33,39
med_veterinarymedicine,Applied Animal Behaviour Science,31,41
med_veterinarymedicine,Research in Veterinary Science,31,36
med_veterinarymedicine,Journal of the American Veterinary Medical Association,30,38
med_veterinarymedicine,Equine Veterinary Journal,30,37
med_veterinarymedicine,Veterinary Record,29,34
med_veterinarymedicine,Annual Review of Animal Biosciences,28,47
med_veterinarymedicine,Asian-Australasian Journal of Animal Sciences,28,40
med_veterinarymedicine,Veterinary Immunology and Immunopathology,26,36
med_veterinarymedicine,Journal of Feline Medicine and Surgery,26,33
med_virology,PLOS Pathogens,99,122
med_virology,Journal of Virology,84,105
med_virology,Vaccine,75,96
med_virology,Virology,62,94
med_virology,Antiviral Research,56,88
med_virology,Viruses,53,64
med_virology,Journal of General Virology,49,66
med_virology,Current Opinion in Virology,47,67
med_virology,Journal of Viral Hepatitis,45,64
med_virology,Retrovirology,44,66
med_virology,Journal of Clinical Virology,44,65
med_virology,Human Vaccines & Immunotherapeutics,43,63
med_virology,Archives of Virology,42,61
med_virology,Virus Research,42,54
med_virology,Current opinion in HIV and AIDS,40,53
med_virology,Virology Journal,40,49
med_virology,Expert Review of Vaccines,39,57
med_virology,Transboundary and Emerging Diseases,35,47
med_virology,Influenza and Other Respiratory Viruses,34,47
med_virology,Emerging Microbes & Infections,33,59
